skill,suggestion
python,Practice Python projects and DSA problems
java,Build Java projects focusing on OOP concepts
c++,Practice competitive programming and system design basics
c,Strengthen programming fundamentals and problem-solving skills
javascript,Build interactive web applications using JavaScript
typescript,Develop scalable frontend and backend applications
html,Build responsive web pages using HTML
css,Improve UI design skills with CSS
bootstrap,Create responsive websites using Bootstrap
tailwind css,Build modern UI designs with Tailwind CSS
react,Build frontend projects using React
angular,Develop enterprise web applications using Angular
vue.js,Practice building lightweight frontend applications
node.js,Build backend APIs using Node.js and Express
express.js,Create RESTful backend services using Express
next.js,Build full-stack web applications using Next.js
php,Develop dynamic web applications using PHP
laravel,Build scalable web applications using Laravel
spring boot,Develop enterprise-grade Java applications
django,Create secure web applications using Django
flask,Build lightweight APIs and web applications
asp.net,Develop web applications using .NET technologies
rest apis,Build projects using REST APIs
graphql,Learn efficient API development with GraphQL
microservices,Design scalable microservices architectures
sql,Practice SQL queries and database optimization
mysql,Learn database design and advanced SQL concepts
postgresql,Build projects using PostgreSQL databases
mongodb,Practice database design and MongoDB queries
redis,Learn caching and performance optimization techniques
oracle database,Practice enterprise database management
firebase,Build real-time applications using Firebase
git,Use Git for version control and collaboration
github,Contribute to open-source projects on GitHub
gitlab,Learn repository management and CI/CD workflows
docker,Learn Docker and build containerized applications
kubernetes,Learn container orchestration with Kubernetes
jenkins,Learn CI/CD pipelines using Jenkins
terraform,Learn Infrastructure as Code using Terraform
ansible,Automate server configuration and deployment
aws,Learn AWS cloud services and deployment
azure,Practice cloud deployment and infrastructure management
google cloud platform,Learn cloud-native application deployment
linux,Master Linux commands and server administration
shell scripting,Automate tasks using Bash scripting
powershell,Automate Windows administration tasks
networking,Understand networking concepts and protocols
tcp/ip,Learn network communication fundamentals
nginx,Configure web servers and load balancers
apache,Manage web server deployment and optimization
prometheus,Monitor applications and infrastructure performance
grafana,Create dashboards and monitoring solutions
elk stack,Learn centralized logging and monitoring
splunk,Practice log analysis and monitoring
devops,Build automated deployment and monitoring pipelines
agile,Learn Agile software development methodologies
scrum,Understand Scrum roles and project management
jira,Manage projects and track software development
data structures,Practice efficient problem-solving techniques
algorithms,Improve coding interview and optimization skills
object oriented programming,Master OOP concepts and design patterns
design patterns,Learn reusable software design solutions
system design,Practice designing scalable software systems
multithreading,Learn concurrent programming concepts
operating systems,Understand OS concepts and process management
computer networks,Learn network architecture and protocols
database management systems,Strengthen DBMS fundamentals
machine learning,Build predictive models and AI applications
deep learning,Learn neural networks and advanced AI techniques
artificial intelligence,Develop intelligent software solutions
tensorflow,Build machine learning and deep learning models
pytorch,Practice AI model development using PyTorch
nlp,Develop natural language processing applications
computer vision,Build image processing and recognition systems
data science,Analyze datasets and derive business insights
data analysis,Practice data cleaning and visualization
pandas,Analyze and manipulate datasets efficiently
numpy,Perform numerical computing and data processing
matplotlib,Create data visualizations and reports
power bi,Build interactive business intelligence dashboards
tableau,Develop professional data visualization dashboards
excel,Master advanced Excel functions and analytics
statistics,Strengthen analytical and data interpretation skills
big data,Learn large-scale data processing concepts
hadoop,Practice distributed data storage and processing
spark,Build high-performance big data applications
etl,Learn data extraction transformation and loading processes
data warehousing,Understand enterprise data storage solutions
cybersecurity,Learn security best practices and threat prevention
ethical hacking,Practice penetration testing and vulnerability assessment
information security,Understand security policies and risk management
penetration testing,Develop security testing skills
cryptography,Learn secure communication and encryption methods
software testing,Improve application quality assurance skills
manual testing,Practice test case creation and execution
automation testing,Automate testing using industry tools
selenium,Build automated web testing frameworks
cypress,Practice modern frontend testing techniques
junit,Write unit tests for Java applications
pytest,Create automated tests for Python applications
api testing,Validate APIs using testing tools and frameworks
postman,Practice API development and testing workflows
quality assurance,Improve software reliability and testing processes
communication skills,Improve professional communication and teamwork
presentation skills,Practice delivering effective presentations
leadership,Develop team management and leadership abilities
problem solving,Strengthen analytical and critical thinking skills
teamwork,Collaborate effectively in group projects
time management,Improve productivity and task prioritization
critical thinking,Develop logical reasoning and decision-making skills
project management,Learn planning execution and project delivery
business analysis,Understand business requirements and process improvement
customer support,Develop client communication and issue resolution skills
technical writing,Create clear documentation and technical guides
research skills,Improve information gathering and analysis techniques
cloud computing,Learn cloud architecture and deployment strategies
software engineering,Apply software development best practices
full stack development,Build complete frontend and backend applications
backend development,Develop scalable server-side applications
frontend development,Create modern and responsive user interfaces
mobile app development,Build Android and cross-platform applications
android development,Develop Android applications using modern tools
flutter,Build cross-platform mobile applications
react native,Develop mobile apps using JavaScript and React
ui/ux design,Learn user interface and user experience principles
figma,Create UI mockups and design prototypes
adobe xd,Design user interfaces and application workflows
github actions,Learn CI/CD automation using GitHub Actions
ci/cd,Understand continuous integration and continuous deployment practices
oauth,Implement secure authentication and authorization systems
jwt,Build secure authentication using JSON Web Tokens
socket.io,Develop real-time chat and notification applications
websockets,Build real-time communication systems
scikit-learn,Build machine learning models using Scikit-learn
opencv,Develop computer vision and image processing applications
xgboost,Learn advanced machine learning algorithms for prediction tasks
langchain,Build AI-powered applications using LLM workflows
openai api,Integrate AI capabilities using OpenAI APIs
hugging face,Work with pre-trained AI and NLP models
llms,Understand large language models and AI application development
rag,Build Retrieval-Augmented Generation AI systems
vector databases,Learn semantic search and AI knowledge retrieval
pinecone,Build AI applications using vector databases
chromadb,Practice local vector database implementation
streamlit,Build interactive data science and AI web applications
fastapi,Develop high-performance Python APIs using FastAPI
airflow,Automate and schedule data engineering workflows
kafka,Build event-driven and distributed applications
rabbitmq,Implement message queues and asynchronous communication
kotlin,Develop Android applications using Kotlin
swift,Build iOS applications using Swift
playwright,Automate modern web application testing
unit testing,Practice writing reliable and maintainable test cases
integration testing,Validate interactions between software components
generative ai,Build applications powered by generative AI models
prompt engineering,Design effective prompts for AI systems
transformers,Understand transformer-based deep learning architectures
bert,Learn NLP applications using BERT models
llama,Build AI applications using Llama models
fine tuning,Customize AI models for domain-specific tasks
embeddings,Implement semantic search and similarity systems